order_id,order_date,ship_date,ship_mode,customer_name,segment,state,country,market,region,product_id,category,sub_category,product_name,sales,quantity,discount,profit,shipping_cost,order_priority,year
AG-2011-2040,2011-01-01,2011-01-06,Standard Class,Toby Braunhardt,Consumer,Constantine,Algeria,Africa,Africa,OFF-TEN-10000025,Office Supplies,Storage,"Tenex Lockers, Blue",408.29999999999995,2,0.0,106.14000000000001,35.46,Medium,2011
IN-2011-47883,2011-01-01,2011-01-08,Standard Class,Joseph Holt,Consumer,New South Wales,Australia,APAC,Oceania,OFF-SU-10000618,Office Supplies,Supplies,"Acme Trimmer, High Speed",120.36600000000001,3,0.1,36.035999999999994,9.72,Medium,2011
HU-2011-1220,2011-01-01,2011-01-05,Second Class,Annie Thurman,Consumer,Budapest,Hungary,EMEA,EMEA,OFF-TEN-10001585,Office Supplies,Storage,"Tenex Box, Single Width",66.12,4,0.0,29.64,8.17,High,2011
IT-2011-3647632,2011-01-01,2011-01-05,Second Class,Eugene Moren,Home Office,Stockholm,Sweden,EU,North,OFF-PA-10001492,Office Supplies,Paper,"Enermax Note Cards, Premium",44.86500000000001,3,0.5,-26.05500000000001,4.82,High,2011
IN-2011-47883,2011-01-01,2011-01-08,Standard Class,Joseph Holt,Consumer,New South Wales,Australia,APAC,Oceania,FUR-FU-10003447,Furniture,Furnishings,"Eldon Light Bulb, Duo Pack",113.66999999999999,5,0.1,37.769999999999996,4.7,Medium,2011
IN-2011-47883,2011-01-01,2011-01-08,Standard Class,Joseph Holt,Consumer,New South Wales,Australia,APAC,Oceania,OFF-PA-10001968,Office Supplies,Paper,"Eaton Computer Printout Paper, 8.5 x 11",55.242000000000004,2,0.1,15.341999999999999,1.8,Medium,2011
CA-2011-1510,2011-01-02,2011-01-06,Standard Class,Magdelene Morse,Consumer,Ontario,Canada,Canada,Canada,TEC-OKI-10002750,Technology,Machines,"Okidata Inkjet, Wireless",314.22,1,0.0,3.12,24.1,Medium,2011
IN-2011-79397,2011-01-03,2011-01-03,Same Day,Kean Nguyen,Corporate,New South Wales,Australia,APAC,Oceania,OFF-AP-10000304,Office Supplies,Appliances,"Hoover Microwave, White",276.102,1,0.1,110.412,125.32,Critical,2011
ID-2011-80230,2011-01-03,2011-01-09,Standard Class,Ken Lonsdale,Consumer,Auckland,New Zealand,APAC,Oceania,TEC-CO-10004182,Technology,Copiers,"Hewlett Wireless Fax, Laser",912.456,4,0.4,-319.46399999999994,107.1,Low,2011
IZ-2011-4680,2011-01-03,2011-01-07,Standard Class,Lindsay Williams,Corporate,Ninawa,Iraq,EMEA,EMEA,FUR-NOV-10002791,Furniture,Chairs,"Novimex Swivel Stool, Set of Two",666.84,4,0.0,253.32,81.26,High,2011
IN-2011-65159,2011-01-03,2011-01-07,Second Class,Larry Blacks,Consumer,National Capital,Philippines,APAC,Southeast Asia,OFF-ST-10003020,Office Supplies,Storage,"Tenex Lockers, Industrial",337.6395,3,0.45,-122.80049999999997,33.75,High,2011
IN-2011-65159,2011-01-03,2011-01-07,Second Class,Larry Blacks,Consumer,National Capital,Philippines,APAC,Southeast Asia,FUR-TA-10002797,Furniture,Tables,"Chromcraft Round Table, Adjustable Height",211.1805,1,0.55,-70.39950000000002,21.32,High,2011
ES-2011-4869686,2011-01-03,2011-01-07,Standard Class,Dorothy Dickinson,Consumer,England,United Kingdom,EU,North,FUR-BO-10000728,Furniture,Bookcases,"Dania Corner Shelving, Traditional",854.49,7,0.0,290.43,12.56,Medium,2011
IN-2011-33652,2011-01-03,2011-01-09,Standard Class,Dennis Pardue,Home Office,Sarawak,Malaysia,APAC,Southeast Asia,TEC-CO-10000594,Technology,Copiers,"Hewlett Fax and Copier, Laser",192.87,1,0.0,50.13,10.4,Medium,2011
ID-2011-80230,2011-01-03,2011-01-09,Standard Class,Ken Lonsdale,Consumer,Auckland,New Zealand,APAC,Oceania,FUR-CH-10000214,Furniture,Chairs,"Hon Rocking Chair, Set of Two",159.444,2,0.4,-95.676,10.07,Low,2011
MX-2011-160234,2011-01-03,2011-01-07,Standard Class,Stewart Visinsky,Consumer,Guatemala,Guatemala,LATAM,Central,TEC-PH-10002647,Technology,Phones,"Nokia Headset, VoIP",195.2,4,0.0,44.88,8.431000000000001,Medium,2011
IR-2011-770,2011-01-03,2011-01-07,Standard Class,Jas O'Carroll,Consumer,Yazd,Iran,EMEA,EMEA,OFF-BRE-10003081,Office Supplies,Appliances,"Breville Coffee Grinder, Black",122.58,2,0.0,42.900000000000006,8.41,Medium,2011
ID-2011-80230,2011-01-03,2011-01-09,Standard Class,Ken Lonsdale,Consumer,Auckland,New Zealand,APAC,Oceania,TEC-AC-10002881,Technology,Accessories,"Belkin Numeric Keypad, Bluetooth",69.3,2,0.4,3.4199999999999946,8.34,Low,2011
ID-2011-80230,2011-01-03,2011-01-09,Standard Class,Ken Lonsdale,Consumer,Auckland,New Zealand,APAC,Oceania,FUR-CH-10000666,Furniture,Chairs,"SAFCO Chairmat, Black",68.868,2,0.4,-26.412000000000006,8.17,Low,2011
ID-2011-12596,2011-01-03,2011-01-08,Standard Class,Chris McAfee,Consumer,Nakhon Ratchasima,Thailand,APAC,Southeast Asia,OFF-ST-10002066,Office Supplies,Storage,"Smead File Cart, Blue",135.1182,2,0.47000000000000003,-45.90180000000001,7.74,Medium,2011
IN-2011-79397,2011-01-03,2011-01-03,Same Day,Kean Nguyen,Corporate,New South Wales,Australia,APAC,Oceania,OFF-LA-10003396,Office Supplies,Labels,"Avery Color Coded Labels, Laser Printer Compatible",35.883,3,0.1,4.743,7.46,Critical,2011
IR-2011-7690,2011-01-03,2011-01-08,Second Class,Nat Gilpin,Corporate,Razavi Khorasan,Iran,EMEA,EMEA,OFF-BIC-10000582,Office Supplies,Art,"BIC Sketch Pad, Water Color",51.84,1,0.0,7.77,5.91,High,2011
IR-2011-770,2011-01-03,2011-01-07,Standard Class,Jas O'Carroll,Consumer,Yazd,Iran,EMEA,EMEA,OFF-ROG-10004393,Office Supplies,Storage,"Rogers Folders, Industrial",62.33999999999999,2,0.0,8.7,5.16,Medium,2011
TZ-2011-7370,2011-01-03,2011-01-08,Standard Class,Jack Garza,Consumer,Dar Es Salaam,Tanzania,Africa,Africa,OFF-STI-10000388,Office Supplies,Supplies,"Stiletto Scissors, Serrated",81.24,4,0.0,26.759999999999998,5.11,Medium,2011
IZ-2011-4680,2011-01-03,2011-01-07,Standard Class,Lindsay Williams,Corporate,Ninawa,Iraq,EMEA,EMEA,OFF-CAM-10004338,Office Supplies,Envelopes,"Cameo Interoffice Envelope, Set of 50",47.43,1,0.0,17.07,3.57,High,2011
IN-2011-65159,2011-01-03,2011-01-07,Second Class,Larry Blacks,Consumer,National Capital,Philippines,APAC,Southeast Asia,OFF-FA-10002569,Office Supplies,Fasteners,"Stockwell Staples, Metal",6.005999999999999,1,0.45,0.5460000000000003,0.8,High,2011
IR-2011-770,2011-01-03,2011-01-07,Standard Class,Jas O'Carroll,Consumer,Yazd,Iran,EMEA,EMEA,OFF-ADV-10000213,Office Supplies,Fasteners,"Advantus Rubber Bands, Metal",16.71,1,0.0,4.17,0.54,Medium,2011
MX-2011-111255,2011-01-04,2011-01-09,Second Class,Russell Applegate,Consumer,Parana,Brazil,LATAM,South,FUR-BO-10001498,Furniture,Bookcases,"Dania Classic Bookcase, Pine",1648.44,6,0.0,609.8399999999999,109.12899999999999,Medium,2011
MX-2011-140641,2011-01-04,2011-01-09,Standard Class,Maya Herman,Corporate,Yucatán,Mexico,LATAM,North,TEC-AC-10001082,Technology,Accessories,"Enermax Keyboard, Bluetooth",222.56,4,0.0,13.280000000000001,42.279,High,2011
MX-2011-158771,2011-01-04,2011-01-11,Standard Class,Beth Thompson,Home Office,Granma,Cuba,LATAM,Caribbean,OFF-EN-10000857,Office Supplies,Envelopes,"Jiffy Interoffice Envelope, Set of 50",185.76000000000002,6,0.0,3.6,16.394,Medium,2011
ES-2011-4939443,2011-01-04,2011-01-08,Standard Class,Arthur Prichep,Consumer,Rhône-Alpes,France,EU,Central,OFF-AR-10001546,Office Supplies,Art,"Binney & Smith Sketch Pad, Easy-Erase",139.76999999999998,3,0.0,20.879999999999995,10.78,Medium,2011
MX-2011-111255,2011-01-04,2011-01-09,Second Class,Russell Applegate,Consumer,Parana,Brazil,LATAM,South,OFF-SU-10003629,Office Supplies,Supplies,"Fiskars Letter Opener, Easy Grip",148.95999999999998,8,0.0,28.160000000000004,10.383,Medium,2011
MX-2011-140641,2011-01-04,2011-01-09,Standard Class,Maya Herman,Corporate,Yucatán,Mexico,LATAM,North,TEC-CO-10002998,Technology,Copiers,"Sharp Ink, Laser",165.54824,2,0.002,49.42824,9.536,High,2011
US-2011-136007,2011-01-04,2011-01-11,Standard Class,Beth Thompson,Home Office,Alagoas,Brazil,LATAM,South,OFF-EN-10004956,Office Supplies,Envelopes,"Jiffy Interoffice Envelope, Set of 50",74.304,6,0.6,-107.85600000000002,7.042,Medium,2011
MX-2011-159373,2011-01-04,2011-01-08,Standard Class,Arthur Wiediger,Home Office,Santiago de Cuba,Cuba,LATAM,Caribbean,FUR-CH-10004827,Furniture,Chairs,"SAFCO Chairmat, Black",38.260000000000005,1,0.0,6.88,4.253,Medium,2011
MX-2011-159373,2011-01-04,2011-01-08,Standard Class,Arthur Wiediger,Home Office,Santiago de Cuba,Cuba,LATAM,Caribbean,TEC-AC-10003081,Technology,Accessories,"Memorex Mouse, USB",37.83999999999999,2,0.0,2.2399999999999998,3.937,Medium,2011
MX-2011-159373,2011-01-04,2011-01-08,Standard Class,Arthur Wiediger,Home Office,Santiago de Cuba,Cuba,LATAM,Caribbean,OFF-EN-10002816,Office Supplies,Envelopes,"Kraft Peel and Seal, Recycled",38.58,3,0.0,7.6800000000000015,3.5140000000000002,Medium,2011
IT-2011-2942451,2011-01-04,2011-01-09,Standard Class,Grant Thornton,Corporate,England,United Kingdom,EU,North,OFF-AR-10002485,Office Supplies,Art,"Boston Markers, Easy-Erase",26.64,2,0.5,-21.9,2.11,Medium,2011
CA-2011-103800,2011-01-04,2011-01-08,Standard Class,Darren Powers,Consumer,Texas,United States,US,Central,OFF-PA-10000174,Office Supplies,Paper,"Message Book, Wirebound, Four 5 1/2"" X 4"" Forms/Pg., 200 Dupl. Sets/Book",16.448,2,0.2,5.551199999999998,1.82,High,2011
IN-2011-33036,2011-01-04,2011-01-08,Standard Class,Bradley Drucker,Consumer,Tottori,Japan,APAC,North Asia,OFF-LA-10000784,Office Supplies,Labels,"Harbour Creations File Folder Labels, 5000 Label Set",27.360000000000003,3,0.0,13.680000000000001,1.54,Medium,2011
IT-2011-2942451,2011-01-04,2011-01-09,Standard Class,Grant Thornton,Corporate,England,United Kingdom,EU,North,OFF-ST-10001426,Office Supplies,Storage,"Eldon Folders, Single Width",17.009999999999998,2,0.5,-1.0499999999999972,0.9,Medium,2011
SU-2011-5190,2011-01-04,2011-01-08,Standard Class,Jasper Cacioppo,Consumer,Khartoum,Sudan,Africa,Africa,OFF-BOS-10004950,Office Supplies,Art,"Boston Pens, Fluorescent",15.48,1,0.0,2.61,0.82,Medium,2011
SU-2011-5190,2011-01-04,2011-01-08,Standard Class,Jasper Cacioppo,Consumer,Khartoum,Sudan,Africa,Africa,OFF-AVE-10003279,Office Supplies,Binders,"Avery Hole Reinforcements, Durable",5.91,1,0.0,2.0999999999999996,0.51,Medium,2011
MX-2011-109267,2011-01-05,2011-01-09,Standard Class,Jennifer Halladay,Consumer,Veracruz,Mexico,LATAM,North,OFF-AP-10004245,Office Supplies,Appliances,"Hoover Stove, Black",3028.8,8,0.0,999.36,191.201,Medium,2011
ES-2011-3848439,2011-01-05,2011-01-07,First Class,Michael Granlund,Home Office,Rhône-Alpes,France,EU,Central,OFF-AR-10001291,Office Supplies,Art,"Sanford Canvas, Fluorescent",207.12,4,0.0,76.56,20.64,Medium,2011
ES-2011-3848439,2011-01-05,2011-01-07,First Class,Michael Granlund,Home Office,Rhône-Alpes,France,EU,Central,OFF-AR-10000833,Office Supplies,Art,"Binney & Smith Pencil Sharpener, Water Color",89.55,3,0.0,20.52,15.27,Medium,2011
CA-2011-112326,2011-01-05,2011-01-09,Standard Class,Phillina Ober,Home Office,Illinois,United States,US,Central,OFF-ST-10002743,Office Supplies,Storage,SAFCO Boltless Steel Shelving,272.736,3,0.2,-64.77480000000001,13.59,High,2011
IN-2011-27681,2011-01-05,2011-01-11,Standard Class,Shaun Weien,Consumer,Taipei City,Taiwan,APAC,North Asia,FUR-FU-10000394,Furniture,Furnishings,"Rubbermaid Photo Frame, Durable",48.779999999999994,1,0.0,22.919999999999998,5.82,Low,2011
CA-2011-112326,2011-01-05,2011-01-09,Standard Class,Phillina Ober,Home Office,Illinois,United States,US,Central,OFF-LA-10003223,Office Supplies,Labels,Avery 508,11.784,3,0.2,4.271699999999999,0.99,High,2011
CA-2011-112326,2011-01-05,2011-01-09,Standard Class,Phillina Ober,Home Office,Illinois,United States,US,Central,OFF-BI-10004094,Office Supplies,Binders,GBC Standard Plastic Binding Systems Combs,3.539999999999999,2,0.8,-5.487,0.55,High,2011
ES-2011-5496179,2011-01-06,2011-01-09,Second Class,Shahid Hopkins,Consumer,Ile-de-France,France,EU,Central,FUR-FU-10000468,Furniture,Furnishings,"Advantus Frame, Durable",324.45000000000005,3,0.0,35.64,39.98,High,2011
IN-2011-29963,2011-01-06,2011-01-10,Standard Class,Brosina Hoffman,Consumer,Sumatera Barat,Indonesia,APAC,Southeast Asia,OFF-ST-10000344,Office Supplies,Storage,"Fellowes Box, Industrial",50.19840000000001,3,0.17,6.008399999999996,6.2,High,2011
ID-2011-41632,2011-01-06,2011-01-13,Standard Class,Robert Dilbeck,Home Office,Ho Chí Minh City,Vietnam,APAC,Southeast Asia,OFF-ST-10001631,Office Supplies,Storage,"Tenex Trays, Blue",89.98859999999999,2,0.17,29.268600000000003,3.62,Medium,2011
IN-2011-29963,2011-01-06,2011-01-10,Standard Class,Brosina Hoffman,Consumer,Sumatera Barat,Indonesia,APAC,Southeast Asia,OFF-FA-10000549,Office Supplies,Fasteners,"Advantus Staples, Metal",40.735800000000005,7,0.47000000000000003,-27.0942,2.63,High,2011
ID-2011-41632,2011-01-06,2011-01-13,Standard Class,Robert Dilbeck,Home Office,Ho Chí Minh City,Vietnam,APAC,Southeast Asia,OFF-PA-10003407,Office Supplies,Paper,"Enermax Memo Slips, Recycled",38.7693,3,0.17,11.589300000000001,2.45,Medium,2011
AO-2011-4910,2011-01-06,2011-01-11,Standard Class,Grace Kelly,Corporate,Luanda,Angola,Africa,Africa,TEC-LOG-10003079,Technology,Accessories,"Logitech Flash Drive, Erganomic",28.32,1,0.0,12.72,2.0,Medium,2011
IN-2011-76107,2011-01-06,2011-01-10,Standard Class,Khloe Miller,Consumer,Jilin,China,APAC,North Asia,OFF-EN-10002166,Office Supplies,Envelopes,"Cameo Manila Envelope, with clear poly window",30.54,1,0.0,13.11,1.96,High,2011
CA-2011-141817,2011-01-06,2011-01-13,Standard Class,Mick Brown,Consumer,Pennsylvania,United States,US,East,OFF-AR-10003478,Office Supplies,Art,"Avery Hi-Liter EverBold Pen Style Fluorescent Highlighters, 4/Pack",19.536,3,0.2,4.884,1.85,Low,2011
CA-2011-167199,2011-01-07,2011-01-11,Standard Class,Maria Etezadi,Home Office,Kentucky,United States,US,South,FUR-CH-10004063,Furniture,Chairs,Global Deluxe High-Back Manager's Chair,2573.82,9,0.0,746.4077999999997,258.99,High,2011
CA-2011-167199,2011-01-07,2011-01-11,Standard Class,Maria Etezadi,Home Office,Kentucky,United States,US,South,OFF-BI-10004632,Office Supplies,Binders,Ibico Hi-Tech Manual Binding System,609.98,2,0.0,274.491,88.07,High,2011
CA-2011-167199,2011-01-07,2011-01-11,Standard Class,Maria Etezadi,Home Office,Kentucky,United States,US,South,TEC-PH-10004977,Technology,Phones,GE 30524EE4,391.98,2,0.0,113.67419999999998,62.37,High,2011
MZ-2011-1260,2011-01-07,2011-01-10,First Class,Stewart Visinsky,Consumer,Niassa,Mozambique,Africa,Africa,OFF-ELD-10001694,Office Supplies,Storage,"Eldon File Cart, Single Width",255.84,2,0.0,46.019999999999996,52.46,High,2011
ID-2011-58670,2011-01-07,2011-01-11,Standard Class,Maribeth Schnelling,Consumer,National Capital,Philippines,APAC,Southeast Asia,TEC-MA-10000868,Technology,Machines,"Panasonic Phone, Wireless",445.41,7,0.25,-136.71,46.97,High,2011
ID-2011-58670,2011-01-07,2011-01-11,Standard Class,Maribeth Schnelling,Consumer,National Capital,Philippines,APAC,Southeast Asia,TEC-AC-10003413,Technology,Accessories,"Logitech Router, Programmable",273.702,2,0.45,-44.837999999999965,42.19,High,2011
ES-2011-5433855,2011-01-07,2011-01-08,First Class,Dave Poirier,Corporate,Provence-Alpes-Côte d'Azur,France,EU,Central,OFF-ST-10004855,Office Supplies,Storage,"Smead Lockers, Industrial",716.04,4,0.1,143.15999999999997,32.46,Medium,2011
ID-2011-58670,2011-01-07,2011-01-11,Standard Class,Maribeth Schnelling,Consumer,National Capital,Philippines,APAC,Southeast Asia,TEC-MA-10004482,Technology,Machines,"Panasonic Card Printer, White",387.51750000000004,3,0.25,25.807499999999976,26.2,High,2011
LE-2011-9590,2011-01-07,2011-01-11,Standard Class,Harry Marie,Corporate,Beirut,Lebanon,EMEA,EMEA,TEC-HP -10000464,Technology,Copiers,"HP Fax and Copier, Color",174.32999999999998,1,0.0,71.46000000000001,23.84,High,2011
CA-2011-167199,2011-01-07,2011-01-11,Standard Class,Maria Etezadi,Home Office,Kentucky,United States,US,South,TEC-PH-10004539,Technology,Phones,Wireless Extenders zBoost YX545 SOHO Signal Booster,755.96,4,0.0,204.1092,13.82,High,2011
MZ-2011-1260,2011-01-07,2011-01-10,First Class,Stewart Visinsky,Consumer,Niassa,Mozambique,Africa,Africa,OFF-STA-10004885,Office Supplies,Art,"Stanley Sketch Pad, Easy-Erase",44.7,1,0.0,8.49,13.7,High,2011
ES-2011-5433855,2011-01-07,2011-01-08,First Class,Dave Poirier,Corporate,Provence-Alpes-Côte d'Azur,France,EU,Central,OFF-FA-10002071,Office Supplies,Fasteners,"Accos Thumb Tacks, Assorted Sizes",33.39,3,0.0,2.25,9.73,Medium,2011
ES-2011-5433855,2011-01-07,2011-01-08,First Class,Dave Poirier,Corporate,Provence-Alpes-Côte d'Azur,France,EU,Central,FUR-BO-10000265,Furniture,Bookcases,"Bush Floating Shelf Set, Pine",155.358,1,0.1,36.227999999999994,5.72,Medium,2011
CA-2011-130813,2011-01-07,2011-01-09,Second Class,Lycoris Saunders,Consumer,California,United States,US,West,OFF-PA-10002005,Office Supplies,Paper,Xerox 225,19.44,3,0.0,9.3312,4.37,High,2011
AG-2011-7230,2011-01-07,2011-01-11,Standard Class,Alyssa Crouse,Corporate,Alger,Algeria,Africa,Africa,OFF-STA-10000244,Office Supplies,Art,"Stanley Sketch Pad, Fluorescent",91.38,2,0.0,14.580000000000002,4.36,Medium,2011
MX-2011-135629,2011-01-07,2011-01-07,Same Day,Dorothy Dickinson,Consumer,São Paulo,Brazil,LATAM,South,OFF-FA-10001871,Office Supplies,Fasteners,"Stockwell Rubber Bands, Bulk Pack",43.04,4,0.0,6.0,3.937,High,2011
MX-2011-135629,2011-01-07,2011-01-07,Same Day,Dorothy Dickinson,Consumer,São Paulo,Brazil,LATAM,South,OFF-BI-10000136,Office Supplies,Binders,"Ibico Index Tab, Durable",18.54,3,0.0,2.4,3.694,High,2011
CA-2011-106054,2011-01-07,2011-01-08,First Class,Jack O'Briant,Corporate,Georgia,United States,US,South,OFF-AR-10002399,Office Supplies,Art,"Dixon Prang Watercolor Pencils, 10-Color Set with Brush",12.78,3,0.0,5.2398,3.51,Critical,2011
ID-2011-58670,2011-01-07,2011-01-11,Standard Class,Maribeth Schnelling,Consumer,National Capital,Philippines,APAC,Southeast Asia,OFF-AR-10003684,Office Supplies,Art,"BIC Sketch Pad, Fluorescent",27.456000000000003,1,0.45,-4.494000000000003,3.21,High,2011
LE-2011-9590,2011-01-07,2011-01-11,Standard Class,Harry Marie,Corporate,Beirut,Lebanon,EMEA,EMEA,FUR-ADV-10000847,Furniture,Furnishings,"Advantus Stacking Tray, Black",26.43,1,0.0,7.38,2.88,High,2011
CA-2011-167199,2011-01-07,2011-01-11,Standard Class,Maria Etezadi,Home Office,Kentucky,United States,US,South,OFF-FA-10001883,Office Supplies,Fasteners,"Alliance Super-Size Bands, Assorted Sizes",31.12,4,0.0,0.3111999999999995,2.19,High,2011
CA-2011-167199,2011-01-07,2011-01-11,Standard Class,Maria Etezadi,Home Office,Kentucky,United States,US,South,OFF-PA-10000955,Office Supplies,Paper,Southworth 25% Cotton Granite Paper & Envelopes,6.54,1,0.0,3.0084,1.13,High,2011
ID-2011-28752,2011-01-07,2011-01-12,Standard Class,Adam Bellavance,Home Office,Singapore,Singapore,APAC,Southeast Asia,OFF-LA-10002875,Office Supplies,Labels,"Novimex Shipping Labels, Adjustable",17.759999999999998,2,0.0,5.46,0.89,Medium,2011
CA-2011-167199,2011-01-07,2011-01-11,Standard Class,Maria Etezadi,Home Office,Kentucky,United States,US,South,OFF-AR-10001662,Office Supplies,Art,Rogers Handheld Barrel Pencil Sharpener,5.48,2,0.0,1.4796000000000005,0.52,High,2011
IT-2011-5134922,2011-01-07,2011-01-10,First Class,Joy Smith,Consumer,Groningen,Netherlands,EU,Central,OFF-AR-10000316,Office Supplies,Art,"Stanley Pens, Blue",5.025,1,0.5,-0.10500000000000043,0.28,Medium,2011
AO-2011-1670,2011-01-08,2011-01-13,Standard Class,Henia Zydlo,Consumer,Benguela,Angola,Africa,Africa,FUR-IKE-10001539,Furniture,Bookcases,"Ikea Classic Bookcase, Pine",2478.6,6,0.0,49.5,349.87,High,2011
IN-2011-19330,2011-01-08,2011-01-12,Second Class,Nicole Fjeld,Home Office,Yunnan,China,APAC,North Asia,TEC-MA-10002468,Technology,Machines,"Panasonic Inkjet, White",2173.5000000000005,7,0.0,260.82,275.52,Medium,2011
IT-2011-4546695,2011-01-08,2011-01-14,Standard Class,Darren Powers,Consumer,Midi-Pyrénées,France,EU,Central,FUR-BO-10003103,Furniture,Bookcases,"Ikea Classic Bookcase, Metal",986.904,6,0.6,-1011.6359999999997,65.64,Medium,2011
MX-2011-121202,2011-01-08,2011-01-13,Second Class,Christopher Martinez,Consumer,Guatemala,Guatemala,LATAM,Central,OFF-ST-10002471,Office Supplies,Storage,"Smead Lockers, Single Width",396.8999999999999,3,0.0,182.51999999999998,33.671,Medium,2011
CA-2011-105417,2011-01-08,2011-01-13,Standard Class,Vivek Sundaresam,Consumer,Texas,United States,US,Central,FUR-FU-10004864,Furniture,Furnishings,"Howard Miller 14-1/2"" Diameter Chrome Round Wall Clock",76.72800000000001,3,0.6,-53.70959999999999,6.69,Medium,2011
MX-2011-121202,2011-01-08,2011-01-13,Second Class,Christopher Martinez,Consumer,Guatemala,Guatemala,LATAM,Central,OFF-BI-10002937,Office Supplies,Binders,"Wilson Jones Binder Covers, Clear",49.7,7,0.0,20.3,5.656000000000001,Medium,2011
IT-2011-4546695,2011-01-08,2011-01-14,Standard Class,Darren Powers,Consumer,Midi-Pyrénées,France,EU,Central,OFF-AR-10000110,Office Supplies,Art,"Binney & Smith Sketch Pad, Blue",115.8,5,0.5,-55.65,3.91,Medium,2011
NI-2011-4770,2011-01-08,2011-01-11,Second Class,Joe Elijah,Consumer,Lagos,Nigeria,Africa,Africa,OFF-AVE-10000608,Office Supplies,Binders,"Avery Index Tab, Economy",4.698,2,0.7,-4.542,0.82,High,2011
CA-2011-105417,2011-01-08,2011-01-13,Standard Class,Vivek Sundaresam,Consumer,Texas,United States,US,Central,OFF-BI-10003708,Office Supplies,Binders,"Acco Four Pocket Poly Ring Binder with Label Holder, Smoke, 1""",10.429999999999998,7,0.8,-18.252500000000005,0.63,Medium,2011
ID-2011-20814,2011-01-09,2011-01-13,Standard Class,Ed Braxton,Corporate,Jawa Timur,Indonesia,APAC,Southeast Asia,TEC-PH-10001730,Technology,Phones,"Motorola Signal Booster, Full Size",239.7372,2,0.17,-11.602800000000009,34.99,High,2011
IN-2011-69366,2011-01-09,2011-01-14,Standard Class,Alejandro Grove,Consumer,Kiên Giang,Vietnam,APAC,Southeast Asia,TEC-AC-10000354,Technology,Accessories,"Belkin Numeric Keypad, USB",176.68080000000003,6,0.47000000000000003,-156.6792,17.09,Medium,2011
ID-2011-46483,2011-01-09,2011-01-13,Standard Class,Sample Company A,Home Office,Calabarzon,Philippines,APAC,Southeast Asia,OFF-ST-10001342,Office Supplies,Storage,"Fellowes Trays, Blue",157.82250000000002,5,0.45,-2.977499999999992,10.08,High,2011
IN-2011-69366,2011-01-09,2011-01-14,Standard Class,Alejandro Grove,Consumer,Kiên Giang,Vietnam,APAC,Southeast Asia,TEC-PH-10003823,Technology,Phones,"Apple Headset, Full Size",123.75299999999999,2,0.17,32.793,7.93,Medium,2011
ID-2011-46483,2011-01-09,2011-01-13,Standard Class,Sample Company A,Home Office,Calabarzon,Philippines,APAC,Southeast Asia,OFF-FA-10000577,Office Supplies,Fasteners,"Stockwell Push Pins, 12 Pack",51.6285,7,0.45,4.588499999999996,5.55,High,2011
IN-2011-69366,2011-01-09,2011-01-14,Standard Class,Alejandro Grove,Consumer,Kiên Giang,Vietnam,APAC,Southeast Asia,OFF-LA-10000668,Office Supplies,Labels,"Smead Removable Labels, Adjustable",45.1935,5,0.17,17.893499999999996,3.31,Medium,2011
ID-2011-46483,2011-01-09,2011-01-13,Standard Class,Sample Company A,Home Office,Calabarzon,Philippines,APAC,Southeast Asia,OFF-PA-10003405,Office Supplies,Paper,"Green Bar Memo Slips, Premium",9.322500000000002,1,0.45,-1.7175000000000011,0.69,High,2011
IN-2011-69366,2011-01-09,2011-01-14,Standard Class,Alejandro Grove,Consumer,Kiên Giang,Vietnam,APAC,Southeast Asia,OFF-BI-10003874,Office Supplies,Binders,"Avery Index Tab, Clear",9.6114,2,0.17,0.07139999999999991,0.25,Medium,2011
IN-2011-61302,2011-01-10,2011-01-11,First Class,Dan Lawera,Consumer,Queensland,Australia,APAC,Oceania,TEC-PH-10004664,Technology,Phones,"Nokia Smart Phone, with Caller ID",2875.0950000000007,5,0.1,511.0949999999999,665.27,Medium,2011
HU-2011-1380,2011-01-10,2011-01-10,Same Day,Elpida Rittenbach,Corporate,Budapest,Hungary,EMEA,EMEA,FUR-IKE-10002894,Furniture,Bookcases,"Ikea Library with Doors, Traditional",363.39,1,0.0,159.87,134.59,Critical,2011
HU-2011-1380,2011-01-10,2011-01-10,Same Day,Elpida Rittenbach,Corporate,Budapest,Hungary,EMEA,EMEA,TEC-CAN-10004354,Technology,Copiers,"Canon Ink, Laser",588.5999999999999,4,0.0,276.6,114.15,Critical,2011
EG-2011-4260,2011-01-10,2011-01-12,Second Class,Sanjit Jacobs,Home Office,Al Qahirah,Egypt,Africa,Africa,FUR-CHR-10004803,Furniture,Tables,"Chromcraft Wood Table, Fully Assembled",967.98,2,0.0,445.26,80.13,High,2011
HU-2011-1380,2011-01-10,2011-01-10,Same Day,Elpida Rittenbach,Corporate,Budapest,Hungary,EMEA,EMEA,OFF-SAN-10003226,Office Supplies,Paper,"SanDisk Message Books, Recycled",142.38,6,0.0,63.89999999999999,67.79,Critical,2011
HU-2011-1380,2011-01-10,2011-01-10,Same Day,Elpida Rittenbach,Corporate,Budapest,Hungary,EMEA,EMEA,OFF-SAN-10000874,Office Supplies,Art,"Sanford Pencil Sharpener, Fluorescent",154.98,6,0.0,54.17999999999999,58.32,Critical,2011
HU-2011-1380,2011-01-10,2011-01-10,Same Day,Elpida Rittenbach,Corporate,Budapest,Hungary,EMEA,EMEA,TEC-EPS-10000774,Technology,Machines,"Epson Phone, Red",156.24,2,0.0,23.4,52.91,Critical,2011
AG-2011-1070,2011-01-10,2011-01-15,Second Class,Tiffany House,Corporate,Constantine,Algeria,Africa,Africa,OFF-HOO-10001783,Office Supplies,Appliances,"Hoover Microwave, Red",308.64,1,0.0,61.71,31.41,Medium,2011
US-2011-101091,2011-01-10,2011-01-16,Standard Class,Jocasta Rupert,Consumer,Carabobo,Venezuela,LATAM,South,TEC-CO-10001818,Technology,Copiers,"Sharp Wireless Fax, Digital",425.24976,3,0.402,-278.79024,26.724,Medium,2011
HU-2011-1380,2011-01-10,2011-01-10,Same Day,Elpida Rittenbach,Corporate,Budapest,Hungary,EMEA,EMEA,OFF-EAT-10002068,Office Supplies,Paper,"Eaton Note Cards, Premium",53.16,2,0.0,0.0,16.06,Critical,2011
IT-2011-3659171,2011-01-10,2011-01-14,Standard Class,Greg Guthrie,Corporate,England,United Kingdom,EU,North,OFF-ST-10004695,Office Supplies,Storage,"Fellowes File Cart, Blue",205.965,3,0.5,-41.264999999999986,14.65,Medium,2011
HU-2011-1380,2011-01-10,2011-01-10,Same Day,Elpida Rittenbach,Corporate,Budapest,Hungary,EMEA,EMEA,OFF-CAM-10001249,Office Supplies,Envelopes,"Cameo Mailers, with clear poly window",41.7,1,0.0,1.6500000000000001,13.08,Critical,2011
MX-2011-140697,2011-01-10,2011-01-15,Standard Class,Paul MacIntyre,Consumer,México,Mexico,LATAM,North,OFF-ST-10002251,Office Supplies,Storage,"Fellowes Shelving, Wire Frame",113.81999999999998,3,0.0,56.88000000000001,8.925,Medium,2011
IN-2011-13065,2011-01-10,2011-01-11,First Class,Patrick O'Donnell,Consumer,Guangxi,China,APAC,North Asia,OFF-SU-10003559,Office Supplies,Supplies,"Kleencut Ruler, Steel",25.92,2,0.0,5.4,5.86,High,2011
IN-2011-61302,2011-01-10,2011-01-11,First Class,Dan Lawera,Consumer,Queensland,Australia,APAC,Oceania,OFF-LA-10000879,Office Supplies,Labels,"Hon File Folder Labels, Alphabetical",30.455999999999996,4,0.1,12.096,5.54,Medium,2011
IN-2011-13065,2011-01-10,2011-01-11,First Class,Patrick O'Donnell,Consumer,Guangxi,China,APAC,North Asia,OFF-BI-10002853,Office Supplies,Binders,"Avery Binder Covers, Recycled",34.29,3,0.0,16.11,5.26,High,2011
HU-2011-1380,2011-01-10,2011-01-10,Same Day,Elpida Rittenbach,Corporate,Budapest,Hungary,EMEA,EMEA,TEC-STA-10000546,Technology,Machines,"StarTech Calculator, Red",37.11,1,0.0,5.550000000000001,4.32,Critical,2011
IN-2011-61302,2011-01-10,2011-01-11,First Class,Dan Lawera,Consumer,Queensland,Australia,APAC,Oceania,OFF-PA-10003731,Office Supplies,Paper,"Enermax Note Cards, Premium",161.514,6,0.1,53.693999999999996,3.02,Medium,2011
HU-2011-1380,2011-01-10,2011-01-10,Same Day,Elpida Rittenbach,Corporate,Budapest,Hungary,EMEA,EMEA,OFF-SAN-10001128,Office Supplies,Art,"Sanford Pens, Easy-Erase",11.370000000000001,1,0.0,2.61,2.59,Critical,2011
HU-2011-1380,2011-01-10,2011-01-10,Same Day,Elpida Rittenbach,Corporate,Budapest,Hungary,EMEA,EMEA,OFF-AVE-10000357,Office Supplies,Binders,"Avery Binder Covers, Clear",10.53,1,0.0,2.4000000000000004,2.03,Critical,2011
SF-2011-6400,2011-01-10,2011-01-14,Standard Class,Ricardo Sperren,Corporate,North-West,South Africa,Africa,Africa,OFF-ACC-10003422,Office Supplies,Binders,"Acco Binder, Durable",16.65,1,0.0,4.65,1.29,Medium,2011
CA-2011-135405,2011-01-10,2011-01-14,Standard Class,Melanie Seite,Consumer,Texas,United States,US,Central,TEC-AC-10001266,Technology,Accessories,Memorex Micro Travel Drive 8 GB,31.200000000000003,3,0.2,9.749999999999996,1.13,Medium,2011
ID-2011-13660,2011-01-10,2011-01-15,Second Class,Brian Dahlen,Consumer,Bangkok,Thailand,APAC,Southeast Asia,OFF-FA-10003615,Office Supplies,Fasteners,"Stockwell Staples, Assorted Sizes",12.497399999999999,3,0.47000000000000003,-5.682600000000002,1.04,Medium,2011
MX-2011-140697,2011-01-10,2011-01-15,Standard Class,Paul MacIntyre,Consumer,México,Mexico,LATAM,North,OFF-SU-10003739,Office Supplies,Supplies,"Elite Scissors, Easy Grip",16.099999999999998,1,0.0,1.7600000000000002,0.891,Medium,2011
CA-2011-135405,2011-01-10,2011-01-14,Standard Class,Melanie Seite,Consumer,Texas,United States,US,Central,OFF-AR-10004078,Office Supplies,Art,Newell 312,9.344,2,0.2,1.1679999999999997,0.21,Medium,2011
ES-2011-5158390,2011-01-11,2011-01-11,Same Day,Roy Collins,Consumer,England,United Kingdom,EU,North,FUR-CH-10004255,Furniture,Chairs,"SAFCO Executive Leather Armchair, Red",1384.29,3,0.0,13.77,178.98,Medium,2011
US-2011-163874,2011-01-11,2011-01-12,First Class,Philip Fox,Consumer,México,Mexico,LATAM,North,OFF-ST-10003741,Office Supplies,Storage,"Smead Lockers, Blue",1322.8,10,0.0,238.0,103.84100000000001,Medium,2011
US-2011-163874,2011-01-11,2011-01-12,First Class,Philip Fox,Consumer,México,Mexico,LATAM,North,FUR-BO-10002214,Furniture,Bookcases,"Dania Floating Shelf Set, Traditional",451.5999999999999,5,0.2,-107.29999999999998,57.746,Medium,2011
IN-2011-39308,2011-01-11,2011-01-18,Standard Class,David Flashing,Consumer,Jawa Barat,Indonesia,APAC,Southeast Asia,TEC-PH-10002806,Technology,Phones,"Apple Audio Dock, VoIP",554.3736,4,0.17,40.0536,42.43,Medium,2011
IN-2011-79761,2011-01-11,2011-01-16,Standard Class,Steve Carroll,Home Office,Calabarzon,Philippines,APAC,Southeast Asia,TEC-CO-10001895,Technology,Copiers,"Sharp Wireless Fax, Color",696.852,3,0.35,-343.09799999999996,40.16,Medium,2011
US-2011-163874,2011-01-11,2011-01-12,First Class,Philip Fox,Consumer,México,Mexico,LATAM,North,TEC-PH-10002755,Technology,Phones,"Apple Headset, VoIP",244.5,5,0.0,88.0,39.108,Medium,2011
IN-2011-39308,2011-01-11,2011-01-18,Standard Class,David Flashing,Consumer,Jawa Barat,Indonesia,APAC,Southeast Asia,OFF-AR-10003613,Office Supplies,Art,"Sanford Canvas, Easy-Erase",333.6903,9,0.27,13.470300000000009,23.56,Medium,2011
ES-2011-4359424,2011-01-11,2011-01-15,Standard Class,Dorothy Dickinson,Consumer,Murcia,Spain,EU,South,FUR-TA-10001693,Furniture,Tables,"Bevis Training Table, with Bottom Storage",267.98400000000004,2,0.6,-341.736,21.49,High,2011
ES-2011-5158390,2011-01-11,2011-01-11,Same Day,Roy Collins,Consumer,England,United Kingdom,EU,North,OFF-AR-10001599,Office Supplies,Art,"Binney & Smith Canvas, Blue",102.71999999999998,2,0.0,19.5,20.54,Medium,2011
IN-2011-39308,2011-01-11,2011-01-18,Standard Class,David Flashing,Consumer,Jawa Barat,Indonesia,APAC,Southeast Asia,FUR-FU-10001096,Furniture,Furnishings,"Advantus Clock, Black",187.57350000000002,5,0.27,2.473499999999987,15.77,Medium,2011
IN-2011-29872,2011-01-11,2011-01-15,Standard Class,Dianna Vittorini,Consumer,Jammu and Kashmir,India,APAC,Central Asia,FUR-FU-10001471,Furniture,Furnishings,"Eldon Door Stop, Durable",141.57,3,0.0,52.38,15.62,High,2011
TU-2011-800,2011-01-11,2011-01-15,Standard Class,Chuck Sachs,Consumer,Bursa,Turkey,EMEA,EMEA,FUR-SAF-10003540,Furniture,Bookcases,"Safco Floating Shelf Set, Metal",156.96000000000004,2,0.6,-117.72,12.45,High,2011
ID-2011-82589,2011-01-11,2011-01-15,Standard Class,Tanja Norvell,Home Office,Otago,New Zealand,APAC,Oceania,OFF-EN-10000128,Office Supplies,Envelopes,"GlobeWeis Interoffice Envelope, Set of 50",114.768,4,0.4,-47.832,10.52,Medium,2011
ES-2011-1466305,2011-01-11,2011-01-15,Standard Class,Mick Brown,Consumer,Vienna,Austria,EU,Central,OFF-ST-10003446,Office Supplies,Storage,"Smead Trays, Single Width",97.01999999999998,2,0.0,31.02,7.99,High,2011
IN-2011-79761,2011-01-11,2011-01-16,Standard Class,Steve Carroll,Home Office,Calabarzon,Philippines,APAC,Southeast Asia,FUR-FU-10000256,Furniture,Furnishings,"Rubbermaid Photo Frame, Duo Pack",77.715,2,0.25,23.77499999999999,7.09,Medium,2011
US-2011-163874,2011-01-11,2011-01-12,First Class,Philip Fox,Consumer,México,Mexico,LATAM,North,OFF-AP-10000569,Office Supplies,Appliances,"KitchenAid Coffee Grinder, Black",139.79999999999998,3,0.0,32.1,6.468999999999999,Medium,2011
ES-2011-1466305,2011-01-11,2011-01-15,Standard Class,Mick Brown,Consumer,Vienna,Austria,EU,Central,OFF-AR-10004519,Office Supplies,Art,"Boston Canvas, Fluorescent",54.900000000000006,1,0.0,9.870000000000001,5.83,High,2011
CA-2011-149020,2011-01-11,2011-01-16,Standard Class,Anthony Jacobs,Corporate,Virginia,United States,US,South,FUR-FU-10000965,Furniture,Furnishings,"Howard Miller 11-1/2"" Diameter Ridgewood Wall Clock",51.94,1,0.0,21.2954,3.52,Medium,2011
ES-2011-4359424,2011-01-11,2011-01-15,Standard Class,Dorothy Dickinson,Consumer,Murcia,Spain,EU,South,OFF-LA-10002733,Office Supplies,Labels,"Novimex File Folder Labels, Alphabetical",40.35,5,0.0,5.549999999999999,2.57,High,2011
ES-2011-1138719,2011-01-11,2011-01-16,Standard Class,Eric Murdock,Consumer,Liguria,Italy,EU,South,OFF-BI-10001833,Office Supplies,Binders,"Ibico Hole Reinforcements, Recycled",22.05,3,0.0,6.75,1.09,Medium,2011
IN-2011-39308,2011-01-11,2011-01-18,Standard Class,David Flashing,Consumer,Jawa Barat,Indonesia,APAC,Southeast Asia,OFF-BI-10004334,Office Supplies,Binders,"Avery Hole Reinforcements, Durable",4.9052999999999995,1,0.17,-0.014700000000000157,0.3,Medium,2011
CA-2011-149020,2011-01-11,2011-01-16,Standard Class,Anthony Jacobs,Corporate,Virginia,United States,US,South,OFF-LA-10004272,Office Supplies,Labels,Avery 482,2.89,1,0.0,1.3583,0.22,Medium,2011
MX-2011-141530,2011-01-12,2011-01-17,Standard Class,Thomas Seio,Corporate,Coahuila,Mexico,LATAM,North,TEC-AC-10004743,Technology,Accessories,"Logitech Router, USB",495.06000000000006,3,0.0,178.2,54.548,Medium,2011
MX-2011-141530,2011-01-12,2011-01-17,Standard Class,Thomas Seio,Corporate,Coahuila,Mexico,LATAM,North,TEC-CO-10003142,Technology,Copiers,"Hewlett Fax and Copier, Laser",384.96852000000007,3,0.002,68.64852,38.185,Medium,2011
ES-2011-1460199,2011-01-12,2011-01-19,Standard Class,Roy Phan,Corporate,Lower Saxony,Germany,EU,Central,FUR-BO-10004080,Furniture,Bookcases,"Ikea Stackable Bookrack, Traditional",551.61,5,0.1,165.35999999999996,35.98,Medium,2011
ES-2011-1460199,2011-01-12,2011-01-19,Standard Class,Roy Phan,Corporate,Lower Saxony,Germany,EU,Central,TEC-MA-10003078,Technology,Machines,"Epson Printer, White",522.0600000000001,2,0.0,20.88,28.92,Medium,2011
ES-2011-4976144,2011-01-12,2011-01-17,Standard Class,Anthony Garverick,Home Office,England,United Kingdom,EU,North,FUR-CH-10000745,Furniture,Chairs,"Hon Chairmat, Adjustable",290.09999999999997,5,0.0,69.6,18.63,Medium,2011
ES-2011-5040255,2011-01-12,2011-01-15,First Class,Peter Bühler,Consumer,England,United Kingdom,EU,North,OFF-PA-10000450,Office Supplies,Paper,"Green Bar Note Cards, Multicolor",33.93,2,0.5,-6.149999999999999,7.31,Medium,2011
ES-2011-1460199,2011-01-12,2011-01-19,Standard Class,Roy Phan,Corporate,Lower Saxony,Germany,EU,Central,OFF-AR-10001599,Office Supplies,Art,"Binney & Smith Canvas, Blue",256.79999999999995,5,0.0,48.75,7.28,Medium,2011
CA-2011-130092,2011-01-12,2011-01-15,First Class,Seth Vernon,Consumer,Delaware,United States,US,East,FUR-FU-10000010,Furniture,Furnishings,"DAX Value U-Channel Document Frames, Easel Back",9.94,2,0.0,3.0813999999999995,2.69,Critical,2011
ES-2011-1460199,2011-01-12,2011-01-19,Standard Class,Roy Phan,Corporate,Lower Saxony,Germany,EU,Central,OFF-BI-10000081,Office Supplies,Binders,"Ibico Index Tab, Clear",16.740000000000002,2,0.0,6.18,2.08,Medium,2011
NI-2011-1670,2011-01-12,2011-01-16,Standard Class,Shaun Chance,Corporate,Lagos,Nigeria,Africa,Africa,OFF-FEL-10001792,Office Supplies,Storage,"Fellowes Folders, Wire Frame",15.282,2,0.7,-22.45799999999999,1.27,Medium,2011
NI-2011-1670,2011-01-12,2011-01-16,Standard Class,Shaun Chance,Corporate,Lagos,Nigeria,Africa,Africa,OFF-BIC-10000582,Office Supplies,Art,"BIC Sketch Pad, Water Color",15.552000000000003,1,0.7,-28.517999999999997,1.27,Medium,2011
NI-2011-1670,2011-01-12,2011-01-16,Standard Class,Shaun Chance,Corporate,Lagos,Nigeria,Africa,Africa,OFF-AVE-10000065,Office Supplies,Labels,"Avery Removable Labels, Alphabetical",12.672000000000002,4,0.7,-21.647999999999996,0.62,Medium,2011
NI-2011-1670,2011-01-12,2011-01-16,Standard Class,Shaun Chance,Corporate,Lagos,Nigeria,Africa,Africa,OFF-KLE-10001317,Office Supplies,Supplies,"Kleencut Ruler, Easy Grip",4.554,1,0.7,-10.325999999999999,0.43,Medium,2011
NI-2011-1670,2011-01-12,2011-01-16,Standard Class,Shaun Chance,Corporate,Lagos,Nigeria,Africa,Africa,OFF-ADV-10003030,Office Supplies,Fasteners,"Advantus Staples, 12 Pack",3.087,1,0.7,-6.482999999999999,0.25,Medium,2011
NI-2011-1670,2011-01-12,2011-01-16,Standard Class,Shaun Chance,Corporate,Lagos,Nigeria,Africa,Africa,OFF-FEL-10003848,Office Supplies,Storage,"Fellowes Trays, Industrial",17.361,1,0.7,-26.648999999999994,0.24,Medium,2011
EG-2011-4270,2011-01-13,2011-01-18,Standard Class,Roger Demir,Consumer,Aswan,Egypt,Africa,Africa,OFF-SME-10004553,Office Supplies,Storage,"Smead Lockers, Blue",793.6800000000001,4,0.0,134.88,76.6,Medium,2011
EG-2011-4270,2011-01-13,2011-01-18,Standard Class,Roger Demir,Consumer,Aswan,Egypt,Africa,Africa,TEC-HP -10001574,Technology,Copiers,"HP Fax Machine, Laser",1199.76,4,0.0,479.88,55.62,Medium,2011
MX-2011-150567,2011-01-13,2011-01-17,Standard Class,Ben Wallace,Consumer,Jalisco,Mexico,LATAM,North,TEC-MA-10000560,Technology,Machines,"StarTech Inkjet, Wireless",201.26,1,0.0,100.62000000000002,31.782999999999998,High,2011
IT-2011-5340302,2011-01-13,2011-01-19,Standard Class,Greg Matthias,Consumer,South Holland,Netherlands,EU,Central,OFF-ST-10002506,Office Supplies,Storage,"Smead Lockers, Blue",198.42000000000002,2,0.5,-130.98000000000002,14.53,Medium,2011
EG-2011-4270,2011-01-13,2011-01-18,Standard Class,Roger Demir,Consumer,Aswan,Egypt,Africa,Africa,OFF-FEL-10001343,Office Supplies,Storage,"Fellowes Box, Wire Frame",37.5,2,0.0,17.22,2.66,Medium,2011
US-2011-105760,2011-01-13,2011-01-17,Standard Class,James Lanier,Home Office,Anzoátegui,Venezuela,LATAM,South,OFF-SU-10001794,Office Supplies,Supplies,"Elite Ruler, Steel",26.4,5,0.4,-8.0,2.2,High,2011
IT-2011-5951216,2011-01-13,2011-01-20,Standard Class,Stuart Calhoun,Consumer,Västra Götaland,Sweden,EU,North,OFF-AR-10004884,Office Supplies,Art,"Sanford Pens, Fluorescent",30.9,5,0.5,-13.649999999999999,2.16,Medium,2011
IT-2011-5340302,2011-01-13,2011-01-19,Standard Class,Greg Matthias,Consumer,South Holland,Netherlands,EU,Central,OFF-PA-10002040,Office Supplies,Paper,"Green Bar Cards & Envelopes, Multicolor",49.800000000000004,2,0.5,-37.86000000000001,1.51,Medium,2011
IT-2011-5340302,2011-01-13,2011-01-19,Standard Class,Greg Matthias,Consumer,South Holland,Netherlands,EU,Central,OFF-LA-10002353,Office Supplies,Labels,"Harbour Creations Legal Exhibit Labels, Laser Printer Compatible",21.9,4,0.5,-12.299999999999997,1.29,Medium,2011
IN-2011-38349,2011-01-13,2011-01-17,Standard Class,Cari Sayre,Corporate,South Australia,Australia,APAC,Oceania,OFF-LA-10002765,Office Supplies,Labels,"Harbour Creations Legal Exhibit Labels, Adjustable",15.930000000000003,2,0.1,0.3299999999999992,0.72,Medium,2011
IT-2011-5340302,2011-01-13,2011-01-19,Standard Class,Greg Matthias,Consumer,South Holland,Netherlands,EU,Central,OFF-BI-10001055,Office Supplies,Binders,"Wilson Jones Hole Reinforcements, Durable",9.045000000000002,3,0.5,-3.4650000000000016,0.43,Medium,2011
CA-2011-157147,2011-01-14,2011-01-19,Standard Class,Brian Dahlen,Consumer,California,United States,US,West,OFF-ST-10000078,Office Supplies,Storage,Tennsco 6- and 18-Compartment Lockers,1325.8500000000001,5,0.0,238.6529999999999,187.65,High,2011
CA-2011-162775,2011-01-14,2011-01-16,Second Class,Chris Selesnick,Corporate,Louisiana,United States,US,South,OFF-ST-10000025,Office Supplies,Storage,Fellowes Stor/Drawer Steel Plus Storage Drawers,572.58,6,0.0,34.354799999999955,146.29,Critical,2011
CA-2011-162775,2011-01-14,2011-01-16,Second Class,Chris Selesnick,Corporate,Louisiana,United States,US,South,TEC-AC-10003174,Technology,Accessories,Plantronics S12 Corded Telephone Headset System,646.74,6,0.0,258.696,141.35,Critical,2011
ES-2011-1043483,2011-01-14,2011-01-19,Standard Class,Sharelle Roach,Home Office,Vienna,Austria,EU,Central,TEC-MA-10002918,Technology,Machines,"StarTech Card Printer, White",485.7300000000001,3,0.0,77.67,53.02,High,2011
CA-2011-109232,2011-01-14,2011-01-17,Second Class,Natalie DeCherney,Consumer,South Carolina,United States,US,South,FUR-CH-10000422,Furniture,Chairs,Global Highback Leather Tilter in Burgundy,545.9399999999999,6,0.0,87.35040000000004,52.32,Medium,2011
ES-2011-1043483,2011-01-14,2011-01-19,Standard Class,Sharelle Roach,Home Office,Vienna,Austria,EU,Central,TEC-PH-10003847,Technology,Phones,"Apple Headset, with Caller ID",439.55999999999995,6,0.0,65.88,49.92,High,2011
CA-2011-157147,2011-01-14,2011-01-19,Standard Class,Brian Dahlen,Consumer,California,United States,US,West,FUR-BO-10003034,Furniture,Bookcases,"O'Sullivan Elevations Bookcase, Cherry Finish",333.99899999999997,3,0.15,3.929400000000008,40.44,High,2011
ES-2011-1043483,2011-01-14,2011-01-19,Standard Class,Sharelle Roach,Home Office,Vienna,Austria,EU,Central,OFF-PA-10001650,Office Supplies,Paper,"Xerox Message Books, Premium",224.07000000000002,11,0.0,102.96,30.34,High,2011
MX-2011-135979,2011-01-14,2011-01-20,Standard Class,Bart Pistole,Corporate,Estelí,Nicaragua,LATAM,Central,FUR-BO-10001295,Furniture,Bookcases,"Safco Floating Shelf Set, Traditional",393.47999999999996,3,0.0,180.96,27.667,Medium,2011
MX-2011-168599,2011-01-14,2011-01-15,First Class,Ted Butterfield,Consumer,Baja California,Mexico,LATAM,North,OFF-EN-10004870,Office Supplies,Envelopes,"Jiffy Mailers, Security-Tint",105.52000000000001,4,0.0,18.96,26.232,High,2011
SF-2011-7680,2011-01-14,2011-01-21,Standard Class,Steve Nguyen,Home Office,Eastern Cape,South Africa,Africa,Africa,OFF-SAN-10001128,Office Supplies,Art,"Sanford Pens, Easy-Erase",136.44,12,0.0,31.32,23.89,Low,2011
CA-2011-162775,2011-01-14,2011-01-16,Second Class,Chris Selesnick,Corporate,Louisiana,United States,US,South,OFF-EN-10001532,Office Supplies,Envelopes,Brown Kraft Recycled Envelopes,50.94,3,0.0,25.47,12.66,Critical,2011
MX-2011-135979,2011-01-14,2011-01-20,Standard Class,Bart Pistole,Corporate,Estelí,Nicaragua,LATAM,Central,OFF-PA-10004155,Office Supplies,Paper,"Eaton Computer Printout Paper, 8.5 x 11",245.52000000000004,12,0.0,7.2,11.878,Medium,2011
TU-2011-4040,2011-01-14,2011-01-18,Standard Class,Bruce Degenhardt,Consumer,Gaziantep,Turkey,EMEA,EMEA,OFF-FEL-10001261,Office Supplies,Storage,"Fellowes File Cart, Blue",109.84800000000001,2,0.6,-54.97199999999998,11.53,Medium,2011
ID-2011-16453,2011-01-14,2011-01-21,Standard Class,Muhammed Yedwab,Corporate,National Capital,Philippines,APAC,Southeast Asia,FUR-FU-10000944,Furniture,Furnishings,"Tenex Door Stop, Black",98.75250000000001,3,0.25,-23.737500000000004,9.71,Low,2011
ID-2011-16453,2011-01-14,2011-01-21,Standard Class,Muhammed Yedwab,Corporate,National Capital,Philippines,APAC,Southeast Asia,OFF-ST-10004015,Office Supplies,Storage,"Smead Trays, Blue",79.99200000000002,3,0.45,5.74199999999999,9.43,Low,2011
MX-2011-135979,2011-01-14,2011-01-20,Standard Class,Bart Pistole,Corporate,Estelí,Nicaragua,LATAM,Central,OFF-ST-10001326,Office Supplies,Storage,"Tenex Shelving, Single Width",109.38000000000002,3,0.0,28.379999999999995,6.108,Medium,2011
TU-2011-4040,2011-01-14,2011-01-18,Standard Class,Bruce Degenhardt,Consumer,Gaziantep,Turkey,EMEA,EMEA,OFF-SME-10004553,Office Supplies,Storage,"Smead Lockers, Blue",79.36800000000001,1,0.6,-85.33200000000001,5.84,Medium,2011
TU-2011-4040,2011-01-14,2011-01-18,Standard Class,Bruce Degenhardt,Consumer,Gaziantep,Turkey,EMEA,EMEA,OFF-ACM-10003278,Office Supplies,Supplies,"Acme Trimmer, Easy Grip",73.92,4,0.6,-70.32000000000001,4.48,Medium,2011
MX-2011-135979,2011-01-14,2011-01-20,Standard Class,Bart Pistole,Corporate,Estelí,Nicaragua,LATAM,Central,OFF-BI-10000185,Office Supplies,Binders,"Cardinal Binder Covers, Recycled",65.92,8,0.0,9.12,3.614,Medium,2011
CA-2011-157147,2011-01-14,2011-01-19,Standard Class,Brian Dahlen,Consumer,California,United States,US,West,OFF-AR-10003514,Office Supplies,Art,4009 Highlighters by Sanford,19.9,5,0.0,6.566999999999998,3.03,High,2011
CA-2011-162775,2011-01-14,2011-01-16,Second Class,Chris Selesnick,Corporate,Louisiana,United States,US,South,OFF-EN-10001990,Office Supplies,Envelopes,Staples,11.36,2,0.0,5.339199999999999,2.88,Critical,2011
CA-2011-118192,2011-01-14,2011-01-19,Standard Class,Michael Moore,Consumer,Ohio,United States,US,East,OFF-PA-10002947,Office Supplies,Paper,Xerox 1923,37.408,7,0.2,13.0928,1.46,Medium,2011
CA-2011-162775,2011-01-14,2011-01-16,Second Class,Chris Selesnick,Corporate,Louisiana,United States,US,South,OFF-BI-10004187,Office Supplies,Binders,Staples,5.64,3,0.0,2.7071999999999994,0.85,Critical,2011
TU-2011-4040,2011-01-14,2011-01-18,Standard Class,Bruce Degenhardt,Consumer,Gaziantep,Turkey,EMEA,EMEA,OFF-STA-10000298,Office Supplies,Art,"Stanley Canvas, Blue",79.152,4,0.6,-87.16799999999999,0.43,Medium,2011
CA-2011-118192,2011-01-14,2011-01-19,Standard Class,Michael Moore,Consumer,Ohio,United States,US,East,OFF-BI-10003476,Office Supplies,Binders,Avery Metallic Poly Binders,3.4380000000000006,2,0.7,-2.5212000000000003,0.27,Medium,2011
ES-2011-3661686,2011-01-15,2011-01-20,Second Class,Don Jones,Corporate,Lower Saxony,Germany,EU,Central,TEC-CO-10003228,Technology,Copiers,"Hewlett Copy Machine, Laser",526.62,2,0.0,10.5,92.1,Medium,2011
ES-2011-1374122,2011-01-15,2011-01-18,First Class,Craig Leslie,Home Office,Nord-Pas-de-Calais,France,EU,Central,FUR-BO-10003126,Furniture,Bookcases,"Dania Library with Doors, Traditional",652.3199999999999,2,0.1,7.199999999999989,88.52,Medium,2011
MX-2011-129420,2011-01-15,2011-01-17,First Class,Ross Baird,Home Office,La Romana,Dominican Republic,LATAM,Caribbean,FUR-CH-10003485,Furniture,Chairs,"Hon Swivel Stool, Set of Two",265.44000000000005,3,0.2,23.21999999999999,43.555,Medium,2011
ID-2011-38832,2011-01-15,2011-01-15,Same Day,Mick Crebagga,Consumer,Bali,Indonesia,APAC,Southeast Asia,OFF-AR-10000989,Office Supplies,Art,"Binney & Smith Canvas, Blue",149.97119999999998,4,0.27,-49.3488,21.15,Critical,2011
ID-2011-38832,2011-01-15,2011-01-15,Same Day,Mick Crebagga,Consumer,Bali,Indonesia,APAC,Southeast Asia,OFF-AR-10000251,Office Supplies,Art,"Stanley Markers, Fluorescent",51.377399999999994,3,0.27,-0.012599999999999056,21.13,Critical,2011
ES-2011-3661686,2011-01-15,2011-01-20,Second Class,Don Jones,Corporate,Lower Saxony,Germany,EU,Central,OFF-AP-10001169,Office Supplies,Appliances,"Cuisinart Microwave, White",248.93999999999997,1,0.1,2.760000000000005,15.08,Medium,2011
CA-2011-149524,2011-01-15,2011-01-16,First Class,Brendan Sweed,Corporate,Pennsylvania,United States,US,East,FUR-BO-10003433,Furniture,Bookcases,Sauder Cornerstone Collection Library,61.96,4,0.5,-53.28560000000001,10.96,High,2011
ES-2011-3661686,2011-01-15,2011-01-20,Second Class,Don Jones,Corporate,Lower Saxony,Germany,EU,Central,OFF-PA-10001869,Office Supplies,Paper,"Green Bar Computer Printout Paper, 8.5 x 11",169.50000000000003,5,0.0,25.35,8.42,Medium,2011
ES-2011-3661686,2011-01-15,2011-01-20,Second Class,Don Jones,Corporate,Lower Saxony,Germany,EU,Central,OFF-SU-10004244,Office Supplies,Supplies,"Elite Letter Opener, Easy Grip",54.599999999999994,2,0.0,2.16,4.12,Medium,2011
NI-2011-2280,2011-01-15,2011-01-21,Standard Class,Mick Brown,Consumer,Rivers,Nigeria,Africa,Africa,FUR-HAR-10000441,Furniture,Chairs,"Harbour Creations Rocking Chair, Adjustable",44.874,1,0.7,-56.855999999999995,3.43,Medium,2011
NI-2011-2280,2011-01-15,2011-01-21,Standard Class,Mick Brown,Consumer,Rivers,Nigeria,Africa,Africa,OFF-ADV-10003030,Office Supplies,Fasteners,"Advantus Staples, 12 Pack",18.522000000000002,6,0.7,-38.89799999999999,1.46,Medium,2011
NI-2011-2280,2011-01-15,2011-01-21,Standard Class,Mick Brown,Consumer,Rivers,Nigeria,Africa,Africa,OFF-SAN-10004232,Office Supplies,Art,"Sanford Markers, Fluorescent",14.706000000000001,2,0.7,-14.753999999999994,1.02,Medium,2011
ES-2011-3661686,2011-01-15,2011-01-20,Second Class,Don Jones,Corporate,Lower Saxony,Germany,EU,Central,OFF-LA-10000134,Office Supplies,Labels,"Harbour Creations Removable Labels, 5000 Label Set",20.700000000000003,2,0.0,7.4399999999999995,0.76,Medium,2011
CA-2011-103366,2011-01-16,2011-01-18,First Class,Erica Hackney,Consumer,Georgia,United States,US,South,TEC-AC-10003628,Technology,Accessories,Logitech 910-002974 M325 Wireless Mouse for Web Scrolling,149.95,5,0.0,65.97800000000001,45.24,Critical,2011
MX-2011-145765,2011-01-17,2011-01-22,Standard Class,Alan Haines,Corporate,San Salvador,El Salvador,LATAM,Central,TEC-CO-10003142,Technology,Copiers,"Hewlett Fax and Copier, Laser",1411.5512400000002,11,0.002,251.71124,159.51500000000001,High,2011
ES-2011-3305419,2011-01-17,2011-01-19,Second Class,Edward Hooks,Corporate,Ile-de-France,France,EU,Central,OFF-AR-10001230,Office Supplies,Art,"Binney & Smith Markers, Water Color",299.96999999999997,11,0.0,50.82,38.7,High,2011
CA-2011-115791,2011-01-17,2011-01-19,Second Class,Delfina Latchford,Consumer,Pennsylvania,United States,US,East,FUR-FU-10001095,Furniture,Furnishings,DAX Black Cherry Wood-Tone Poster Frame,127.10400000000001,6,0.2,28.598399999999998,36.4,Critical,2011
CA-2011-115791,2011-01-17,2011-01-19,Second Class,Delfina Latchford,Consumer,Pennsylvania,United States,US,East,TEC-PH-10004614,Technology,Phones,AT&T 841000 Phone,124.19999999999999,3,0.4,-31.05000000000001,26.12,Critical,2011
CA-2011-115791,2011-01-17,2011-01-19,Second Class,Delfina Latchford,Consumer,Pennsylvania,United States,US,East,OFF-LA-10001074,Office Supplies,Labels,Round Specialty Laser Printer Labels,30.072000000000003,3,0.2,10.149299999999997,10.17,Critical,2011
ES-2011-3305419,2011-01-17,2011-01-19,Second Class,Edward Hooks,Corporate,Ile-de-France,France,EU,Central,OFF-ST-10001646,Office Supplies,Storage,"Fellowes Box, Wire Frame",84.375,5,0.1,33.675,7.33,High,2011
ES-2011-3305419,2011-01-17,2011-01-19,Second Class,Edward Hooks,Corporate,Ile-de-France,France,EU,Central,OFF-ST-10000988,Office Supplies,Storage,"Fellowes Folders, Blue",95.03999999999999,4,0.1,42.24,6.56,High,2011
ES-2011-3305419,2011-01-17,2011-01-19,Second Class,Edward Hooks,Corporate,Ile-de-France,France,EU,Central,OFF-ST-10003764,Office Supplies,Storage,"Tenex Box, Industrial",45.846000000000004,3,0.1,18.846,6.46,High,2011
ID-2011-80538,2011-01-17,2011-01-18,First Class,Vivian Mathis,Consumer,Western Australia,Australia,APAC,Oceania,OFF-BI-10001397,Office Supplies,Binders,"Ibico Binder, Economy",37.151999999999994,4,0.4,-9.287999999999997,5.48,High,2011
CA-2011-115791,2011-01-17,2011-01-19,Second Class,Delfina Latchford,Consumer,Pennsylvania,United States,US,East,OFF-BI-10001575,Office Supplies,Binders,GBC Linen Binding Covers,18.588000000000005,2,0.7,-13.6312,5.26,Critical,2011
IN-2011-78501,2011-01-17,2011-01-21,Standard Class,Tamara Willingham,Home Office,New South Wales,Australia,APAC,Oceania,OFF-AR-10004138,Office Supplies,Art,"Stanley Pens, Easy-Erase",18.576,2,0.1,5.135999999999999,3.96,High,2011
IT-2011-1373680,2011-01-17,2011-01-23,Standard Class,Shirley Daniels,Home Office,Hovedstaden,Denmark,EU,North,OFF-LA-10001413,Office Supplies,Labels,"Hon Shipping Labels, Laser Printer Compatible",17.055,3,0.5,-7.514999999999999,0.4,Low,2011
TZ-2011-5130,2011-01-18,2011-01-21,First Class,Charles Sheldon,Corporate,Arusha,Tanzania,Africa,Africa,OFF-FEL-10004665,Office Supplies,Storage,"Fellowes Lockers, Blue",746.3879999999999,4,0.1,132.58800000000002,132.29,Medium,2011
ES-2011-4174897,2011-01-18,2011-01-21,First Class,Michael Dominguez,Corporate,Valenciana,Spain,EU,South,OFF-FA-10000856,Office Supplies,Fasteners,"Stockwell Thumb Tacks, Bulk Pack",108.24,8,0.0,33.36,18.36,Critical,2011
MX-2011-115644,2011-01-18,2011-01-23,Standard Class,Vivek Gonzalez,Consumer,Amazonas,Brazil,LATAM,South,OFF-FA-10002268,Office Supplies,Fasteners,"OIC Clamps, 12 Pack",38.4,3,0.0,6.119999999999999,4.7,Medium,2011
ES-2011-4825230,2011-01-18,2011-01-23,Second Class,Richard Bierner,Consumer,South Denmark,Denmark,EU,North,OFF-BI-10004446,Office Supplies,Binders,"Acco Binding Machine, Economy",25.545,1,0.5,-10.755000000000003,2.53,High,2011
SA-2011-7780,2011-01-18,2011-01-21,First Class,Beth Paige,Consumer,Al Jawf,Saudi Arabia,EMEA,EMEA,OFF-CAR-10003259,Office Supplies,Binders,"Cardinal Binder, Recycled",14.189999999999998,1,0.0,2.9699999999999998,2.48,High,2011
ZA-2011-9910,2011-01-19,2011-01-21,First Class,Patrick Gardner,Consumer,Eastern,Zambia,Africa,Africa,OFF-BIN-10000772,Office Supplies,Art,"Binney & Smith Pencil Sharpener, Water Color",417.9,14,0.0,95.75999999999999,143.67,Critical,2011
ES-2011-3666932,2011-01-19,2011-01-20,First Class,Matt Abelman,Home Office,Sicily,Italy,EU,South,OFF-BI-10004195,Office Supplies,Binders,"Wilson Jones Binding Machine, Clear",145.26,3,0.0,43.56,58.25,Critical,2011
MX-2011-139199,2011-01-19,2011-01-24,Standard Class,Aleksandra Gannaway,Corporate,Estelí,Nicaragua,LATAM,Central,TEC-MA-10001859,Technology,Machines,"Okidata Printer, Wireless",716.0000000000001,4,0.0,221.92,36.292,Medium,2011
MX-2011-139199,2011-01-19,2011-01-24,Standard Class,Aleksandra Gannaway,Corporate,Estelí,Nicaragua,LATAM,Central,FUR-BO-10004407,Furniture,Bookcases,"Ikea Floating Shelf Set, Metal",226.4,2,0.0,33.96,25.814,Medium,2011
IN-2011-45020,2011-01-19,2011-01-23,Standard Class,Pauline Webber,Corporate,Yangon,Myanmar (Burma),APAC,Southeast Asia,TEC-CO-10004267,Technology,Copiers,"Brother Ink, Laser",278.39700000000005,3,0.37,-106.08300000000001,21.22,Medium,2011
ES-2011-3666932,2011-01-19,2011-01-20,First Class,Matt Abelman,Home Office,Sicily,Italy,EU,South,OFF-ST-10000988,Office Supplies,Storage,"Fellowes Folders, Blue",47.519999999999996,3,0.4,7.920000000000002,15.23,Critical,2011
ZA-2011-9910,2011-01-19,2011-01-21,First Class,Patrick Gardner,Consumer,Eastern,Zambia,Africa,Africa,TEC-BEL-10000681,Technology,Accessories,"Belkin Mouse, USB",40.919999999999995,1,0.0,6.12,12.68,Critical,2011
CA-2011-123477,2011-01-19,2011-01-22,Second Class,David Wiener,Corporate,Oregon,United States,US,West,OFF-AP-10000692,Office Supplies,Appliances,Fellowes Mighty 8 Compact Surge Protector,64.864,4,0.2,6.486400000000003,5.04,High,2011
MX-2011-139199,2011-01-19,2011-01-24,Standard Class,Aleksandra Gannaway,Corporate,Estelí,Nicaragua,LATAM,Central,TEC-AC-10002370,Technology,Accessories,"SanDisk Flash Drive, Bluetooth",52.720000000000006,2,0.0,16.32,4.1,Medium,2011
ES-2011-1690587,2011-01-19,2011-01-21,First Class,Ann Blume,Corporate,Lombardy,Italy,EU,South,OFF-EN-10004150,Office Supplies,Envelopes,"GlobeWeis Business Envelopes, Recycled",48.42,3,0.0,21.240000000000002,3.54,High,2011
CA-2011-8390,2011-01-19,2011-01-22,Second Class,Michael Kennedy,Corporate,Manitoba,Canada,Canada,Canada,OFF-STO-10000347,Office Supplies,Fasteners,"Stockwell Clamps, Assorted Sizes",16.29,1,0.0,5.699999999999999,1.4,Medium,2011
AO-2011-8430,2011-01-20,2011-01-20,Same Day,Michelle Arnett,Home Office,Luanda,Angola,Africa,Africa,FUR-BUS-10002989,Furniture,Bookcases,"Bush Classic Bookcase, Traditional",825.36,2,0.0,338.34000000000003,88.97,High,2011
MX-2011-131618,2011-01-20,2011-01-20,Same Day,Suzanne McNair,Corporate,Guerrero,Mexico,LATAM,North,OFF-AP-10002433,Office Supplies,Appliances,"Cuisinart Microwave, Silver",372.28000000000003,2,0.0,81.87999999999998,82.66900000000001,Critical,2011
CA-2011-146591,2011-01-20,2011-01-21,First Class,Toby Swindell,Consumer,Arizona,United States,US,West,FUR-BO-10001972,Furniture,Bookcases,O'Sullivan 4-Shelf Bookcase in Odessa Pine,181.47000000000003,5,0.7,-320.597,29.68,Medium,2011
IR-2011-9150,2011-01-20,2011-01-22,First Class,Irene Maddox,Consumer,Razavi Khorasan,Iran,EMEA,EMEA,FUR-OFF-10002395,Furniture,Chairs,"Office Star Rocking Chair, Red",140.91,1,0.0,57.75,20.93,Medium,2011
US-2011-153591,2011-01-20,2011-01-25,Standard Class,Alejandro Ballentine,Home Office,Distrito Federal,Mexico,LATAM,North,FUR-BO-10004980,Furniture,Bookcases,"Bush Library with Doors, Mobile",195.648,1,0.2,-34.251999999999995,17.083000000000002,Medium,2011
CA-2011-146591,2011-01-20,2011-01-21,First Class,Toby Swindell,Consumer,Arizona,United States,US,West,OFF-PA-10000659,Office Supplies,Paper,"TOPS Carbonless Receipt Book, Four 2-3/4 x 7-1/4 Money Receipts per Page",56.064,4,0.2,19.6224,14.49,Medium,2011
AO-2011-8430,2011-01-20,2011-01-20,Same Day,Michelle Arnett,Home Office,Luanda,Angola,Africa,Africa,OFF-SME-10002417,Office Supplies,Storage,"Smead Trays, Single Width",48.50999999999999,1,0.0,15.51,11.64,High,2011
CA-2011-146591,2011-01-20,2011-01-21,First Class,Toby Swindell,Consumer,Arizona,United States,US,West,OFF-EN-10002504,Office Supplies,Envelopes,"Tyvek  Top-Opening Peel & Seel Envelopes, Plain White",108.72,5,0.2,36.693,10.39,Medium,2011
ES-2011-1122594,2011-01-20,2011-01-25,Standard Class,Darren Koutras,Consumer,Ile-de-France,France,EU,Central,OFF-AR-10002094,Office Supplies,Art,"Boston Pencil Sharpener, Water Color",58.44,2,0.0,7.5600000000000005,8.77,High,2011
